,No.,INSTITUTE NAME AND ADDRESS,DISTRICT,Est. Year,TYPE,ANM,GNM,B.Sc,P.B.Sc,M.Sc,NPM,NPCC,E-mail ID,Phone No.(Office),Phone No.(Principal),Phone No.(FAX),Last Insp. Date,YES/No
0,1.0,"AMC MET College of Nursing, V.S. Hospital, Elisbridge, Ahmedabad ",Ahmedabad,1932,AMC,--,100,50,--,--,--,--,principalvsnschool@gmail.com,"079- 26577621 
to 626 (309)  
","942642826 
9328259403
9913250376
","079-2677647
",26th & 27th June 2018,NO
1,2.0,"ANM School, District Training Center, CHC, At: Bavla ",Ahmedabad,2010,GOV,20,--,--,--,--,--,--,"dtcbavla@yahoo.com
anm.bavla@gmail.com",02714 231450,,,24th May 2018,NO
2,3.0,"ESIC School of Nursing, D-34, Dispensary cum Nursing School, Opp. Municipality Swimming Pool, Khokhra, Ahmedabad -08",Ahmedabad,Re-2005,GOV,--,20,--,--,--,--,--,esicschoolofnursing@gmail.com,079 22721856,,,09-10/06/2014,YES
3,4.0,"Government College of Nursing, Civil Hospital Campus, Asarwa, Ahmedabad - 380016(GINERA)",Ahmedabad,1921,GOV,--,100,60,--,25,20,10,principalgcona@gmail.com,"079-22681406
079 22681005",,,6th & 7th July 2018,NO
4,5.0,"College of Nursing, Government Mental Hospital, Delhi Darwaja, Ahmedabad",Ahmedabad,2017,GOV,--,--,--,--,10,--,--,mentalhospital123@gmail.com,079-256224583,9825011206,,16th & 17th April 2018,NO
5,6.0,"Inst. of Kidney Dises & Research Center, Civil Hospital Campus, Asarwa, Ahmedabad - 16",Ahmedabad,2014,SFI,--,--,--,--,10,--,--,nursing@guts.education,079-22687184,9726315084,,25-26/05/2016,NO
6,7.0,"Ahmedabad Institute of Nursing Science, Nr. Sardar Patel Ring Road, Ognaj Circle, Nr. Ognaj Eye Hospital, Lapkaman, Ahmedabad",Ahmedabad,2007,SFI,--,--,60,--,--,--,--,ains_ahmedabad@yahoo.com,"02717-244134/
                176

","7568701298
8469817116
7567801298
","02717-244124
",15-16/05/2017,NO
7,8.0,"All India Institute of Local Self Government,, Barfiwala Bhavan, Near Bhavan's College,Khanpur, Ahmedabad, ",Ahmedabad,2017,SFI,30,--,--,--,--,--,--,ahmedabad@aiilsg.org,079-25601296,"8141430568
(T)  9426177133",,24th May 2018,NO
8,9.0,"GCS College of Nursing, Opp. DRM Office, Nr. Chamunda Bridge, Naroda Road, Ahmedabad",Ahmedabad,2013,SFI,--,40,60,--,--,--,--,"deangcsmc@gmail.com
principal.nursing@gcsmc.org",079-66048000,"7096969030
9925149143 
(T) 9825009876 ",079-22201915  ,25th & 26th May 2018,NO
9,10.0,"JG College of Nursing, Nr. Gulab Tower, Off Sola Road, Ahmedabad. ",Ahmedabad,2006,SFI,--,40,60,30,23,--,--,jgnursingcollege@gmail.com,"079- 27491290
         27493214    
","9824396284
(T) 9824001212 
","079-27491290

",4th & 5th July 2018,NO
10,11.0,"K. D. Institute of Nursing Science, K.D. Hospital Campus, Vashnodevi Circle, Sardar Patel Ring Road, S. G. Highway, Ahmedabad-382 421",Ahmedabad,2018,SFI,--,60,--,--,--,--,--,nursingschool@kdhospital.co.in,"079-66770200
079-66770201","7698557330
(T) 6359603653
       6359603602",,14th &15th June 2018,NO
11,12.0,"Khyati  School / College of Nursing, Plot No : 116, B/h- Electrotherm Factory,   Nr- Vraj Gopi-2, Palodiya, Silaj, Ahmedabad - 58",Ahmedabad,2016,SFI,--,30,40,--,--,--,--,principal.nursing@khyatifoundation.com,9099285000,"8147250095                   
6353159740
(T)9099285000",,30th & 31st May 2018,NO
12,13.0,"M. M.  Singhi College of Nursing, Hansol Octroi Naka, Nr. Idirabridge, Ahmedabad",Ahmedabad,2003,SFI,40,60,60,30,--,--,--,mmsinghiinstituteofnursing@rediffmail.com,079- 22861951,"7016390038
",079- 22861951,2nd & 3rd July 2018,NO
13,14.0,"Narnarayan Shastri Institute of Nursing, At: Jetalpur, Tal: Dascroi, Dist: Ahmedabad",Ahmedabad,2017,SFI,40,50,50,30,--,--,--,nsingurukul@gmail.com ,9825833001,"9879526636
(T) 9408416400
       989829891      ",,4th &5th June 2018,NO
14,15.0,"Navkar Institute of Nursing, Nr. Galaxy Groung, Vastra, Ahmedabad ",Ahmedabad,2018,SFI,30,30,40,--,--,--,--,navkarinstitute2018@gmail.com,8734033960,9099943702,,24th & 25th May 2018,NO
15,16.0,"Our Lady of Pillar Nursing School, At: Nidhrad, Chekla Road, Ta: Sanand,Dist: Ahmedabad – 382115",Ahmedabad,2015,SFI,20,40,--,--,--,--,--,olopns@gmail.com,02717 222447,"8690210120
(T) 9879746795   ","0265-2370465
",1st & 2nd June 2018,NO
16,17.0,"Panchamrut Institute of Nursing, K P Residency to Abjibapa Ring Road, Nikol, Ahmedabad",Ahmedabad,2018,SFI,--,40,40,--,--,--,--,aewt.2012@gmail.com,886565566,9913094999,,6th & 7th June 2018,NO
17,18.0,"Pushpraj Nursing School, Christian Colony, Opp. CNI Church, Behrampura, Ahmedabad – 380 022",Ahmedabad,2014,SFI,20,--,--,--,--,--,--,pushprajnursingschool@gmail.com, 079 25327522  ,"9327031378
9374581378
9328031378",,27th & 28th June 2018,NO
18,19.0,"Shama General Nursing School, Nr. Pir Kamal Masjid, BRTS Road, Dani Limbda, Ahmedabad - 380028 ",Ahmedabad,2014,SFI,30,50,40,--,--,--,--,shamagnm.26@gmail.com,9033030707,"9106633006
(T) 9687624466 ",,28th & 29th May 2018,NO
19,20.0,"Shantam Institute of Nursing, Karvavati Anneexxe, Nr. Mayur Park Society, Nr. Bhagat Petrol pump, Naroda, A'bad, ",Ahmedabad,2017,SFI,--,30,30,--,--,--,--,shantaminstitutenursing@gmail.com,079 22816405,"9825027882
(T)9824006060 
",,4th & 5th July 2018,NO
20,21.0,"Shrey Institute of Nursing & Allied Science, Plot No. 244/B/Part, Nr. Ambika Party Plot, Opp. AEC, Sola # Road,  Naranpura, Ahmedabad – 13",Ahmedabad,2010,SFI,--,50,50,--,10,--,--,sinasabad2011@gmail.com,"9033016001
9033016002
98253 13230
","9426150696
(T)9925023361
      9429907589 ",079  26565921,2nd & 3rd July 2018,NO
21,22.0,"Shubham Institute of Nursing Science & Research, Kalapinagar, Last Bus Stop, Asrwa, Ahmedabad – 16",Ahmedabad,2010,SFI,40,40,50,--,--,--,--,subhaminstitutenursing@yahoo.in,079 22680311,"9825027882
(T) 9824006060
       9824106060",079 22680311,29th &30th June 2018,NO
22,23.0,"SKUM College of Nursing, Plot No. 709, B/h T.V.Tower, Off Dirve-In Road, Ahmedabad",Ahmedabad,2010,SFI,--,50,60,--,20,--,--,skumcollegeofnursing@gmail.com,"079 26854674
       29296109","9924919672
(T) 9327057575  ",079 26854675 ,23-24/05/2016,NO
23,24.0,"Soham Institute of Nursing, Nr. BRTS Bus Stand, Naroda Road, Krishnanagar, Ahmedabad – 382326",Ahmedabad,2012,SFI,--,40,40,--,--,--,--,soham_instituteofnursing@yahoo.com,"079 22816405  
","9825027882
(T)9824006060
",,05-06/06/2017,NO
24,25.0,"Svaymbhu Institute of Nursing, Svaymbhu Multispeciality Hospital, Vastral Char Rasta, Nr. S.P. Ring Road, Ahmedabad - 382 418",Ahmedabad,2018,SFI,--,50,50,--,--,--,--,svayambhu.nursing@gmail.com,7043532164,"7043532166
(T)8128066694        ",,12th & 13th June 2018,NO
25,26.0,"Urmila Goswami College of Nursing, Shree Monark Education Trust, At: Vahelal, Naroda- Dehgam Road, Tal: Dascroi, Dist: Ahmedabad-382330",Ahmedabad,2018,SFI,--,40,40,--,--,--,--,ugcn.bsc@gmail.com,"02718247138/
                215","9924125030
(T)9824561940",,11th & 12th June 2018,NO
26,27.0,"Victoria Jubillee College of Nursing, Opp. Main Railway Station, Kalupur, Ahmedabad",Ahmedabad,2008,SFI,20,40,35,--,--,--,--,victoriajubilee@gmail.com ,079 22142445,"9408145354
(T)9824002952",079-22112171,29th &30th June 2018,NO
27,28.0,"ANM School, Community Health Centre, Bagsara",Amreli,2010,GOV,20,--,--,--,--,--,--,anm.bagasara@gmail.com,02796-220101 ,,02796 220101,15-16/04/2015,NO
28,29.0,"ANM School, K. K. Hospital, Savarkundla, Dist: Amreli",Amreli,2008,GOV,20,--,--,--,--,--,--,"anm.savarkundla@gmail.com
anmsavarkundla@yahoo.com",02845 235011,,,07-08/05/2014,YES
29,30.0,"School of Nursing, General Hospital, Amreli",Amreli,2009,GOV,--,40,--,--,--,--,--,gnmamreli@gmail.com,"02792 227500
",,02792 222587,02-03/06/2014,YES
30,31.0,"Krishnaben Mukeshbhai Jani School of Nursing, Jeshingpara, Gavadka Road,At: Amreli",Amreli,2014,SFI,30,40,30,30,--,--,--,krishnaschoolofnursing@gmail.com,02792 220849 ,"8780127050
(T) 9426229671",02792 220849,6th & 7th July 2018,NO
31,32.0,"School of Nursing, Netra Chikitsa Trust, Radhika General Hospital, Chital Road, Amreli - 365 601",Amreli,2009,SFI,30,40,--,--,--,--,--,dr.arpanjani@gmail.com,"02792-220620
","9537137516
(T) 9978966629
",02792-223316,04-05/06/2014,YES
32,33.0,"Shri K. M. Borisagar School of Nursing Institute, At: Khambha, Jafrabad Road, Dist: Amreli – 365 650",Amreli,2014,SFI,30,--,--,--,--,--,--,kmschoolkhambha66@gmail.com,9426666659,"7567660255
(T) 9924774570",,16-17/05/2016,NO
33,34.0,"ANM School, S.S. Hospital, Petlad ",Anand,2008,GOV,20,--,--,--,--,--,--,anm.petlad@gmail.com,02697 226339,,02697 226339,12-13/05/2014,YES
34,35.0,"Cambay General Hospital Nursing School, At: Khambhat, Bethak Road, Dist: Anand",Anand,2012,SFI,30,--,--,--,--,--,--,cghns2013@gmail.com,02698 226255         ,"9879444223
(T)9825098689 ",,18-19/06/2014,YES
35,36.0,"College/ School of Nursing, Zydus Hospital & Health Care Pvt. Ltd. Nr. Indira Gandhi Statue, Anand Labhvel Road, Anand – 388 001",Anand,2012,SFI,--,40,40,--,--,--,--,sonprincipal@zydushospitals.com,"02692 619724
          619723                ","9687638965
(A)8980027552",02692 619523  ,24th & 25th May 2018,NO
36,37.0,"Knowledge Institute of  Nursing, Nr- S.P.University Sport Complex,  Bakrol- Vadtal Road, Bakrol, Anand-388315",Anand,2016,SFI,--,40,60,--,--,--,--,kinb201617@gmal.com,02692-239246,"9825617861
(T) 8511150444 ",02692 239248,16-17/05/2017,NO
37,38.0,"Manikaka Topawala Institute of Nursing, At: Changa, Tal: Petlad, Dist: Anand",Anand,2009,SFI,--,40,60,--,20,--,--,anilsharma.nur@charusat.ac.in,02697 265201,"8140364743.
(T) 9825303420", 02697 265007,06-07/05/2015,NO
38,39.0,"Ratibhai Prabhudas Patel Nursing College, (Pramukh Swami School of Nursing), C/o D. M. Arts & S. S. Patel Commerce College, Ode, Dist: Anand ",Anand,2011,SFI,--,50,40,--,--,--,--,lrppnc@gmail.com,"02692 282004 
    ",(T) 7990888275,,20th & 21st July 2018,NO
39,40.0,"Shree G. H. Patel College of Nursing, Shri Krishna Hospital, At: Karamsad, Dist: Anand",Anand,1985,SFI,--,25,40,--,--,--,--,ghpsngnm@charutarhealth.org www.charutarhealth.org,"02692- 228541, 
","9879096343
(T) 02692 228790", 02692 223466,27-28/06/2017,NO
40,41.0,"Vatsalya Institute of Nursing, Katakpur, Khambhat, Dist: Anand",Anand,2018,SFI,--,30,30,--,--,--,--,"vmdonga90@gmail.com,
vatsalyavidyalaya@gmail.com",02698-223217,9265357970,,2nd & 3rd July 2018,NO
41,42.0,"Vinayaka Institute of Nursing, “Pranami Bhavan”, Vadtal-Vidhyanagar Road, At: & Post: Bakrol ,Tal: & Dist : Anand",Anand,2011,SFI,50,60,60,30,10,--,--,vinayakanursing@yahoo.in,"9099943700 
","9099943703
(T) 9099943701
                      02",,09-10/06/2017,NO
42,43.0,"ANM School, Cottage Hospital, At: Bhiloda, Dist: Aravalli",Aravali,2008,GOV,20,--,--,--,--,--,--,"fhwbhiloda@yahoo.com
fhwbhiloda@gmail.com","02771 232488
",,02771 232341,14-15/05/2014,YES
43,44.0,"Akshar Nursing School, Akshar Medical &ducation Trust, 10-Mazum Nagar Society, Meghraj Road, Modasa, Dist : Arvalli",Aravali,2018,SFI,30,40,50,--,--,--,--,aksharmedicaltrust@gmail.com,9428773136,"9024158741
(T) 9428773136",,2nd & 3rd July 2018,NO
44,45.0,"Akshar School of Nursing, Samaj Seva Trust, R. G. Barot College Campus, To: Bhiloda, Dist: Sabarkantha",Aravali,2009,SFI,30,40,40,--,--,--,--,samajsevatrust@rediffmail.com,9426060803,"02771-234477
(T) 9426060803",,2nd & 3rd July 2018,NO
45,46.0,"Aravalli Institute of Nursing, At: Juna Takhatpur - 383345, Tal: Malpur, Dist: Aravalli",Aravali,2017,SFI,40,40,--,--,--,--,--,aravalli.takhatpur@gmail.com,"9909967995
","9662948997
(T) 9426589363",,26th & 27th May 2018,NO
46,47.0,"Bhagyalaxmi College of Nursing, Sakaria-Malpur Road, Modasa,Dist: Aravalli",Aravali,2010,SFI,40,40,40,--,--,--,--,bhagyalaxmischoolofnursing@yahoo.co.in,"02774 241598
","9426364386
(T) 9879788057
       9428773136",02774  240345,14-15/05/2014,YES
47,48.0,"Kalajibhai R. Katara Nursing College, Shamlaji Pradesh Kelavani Mandal Shamlaji, At: & Post: Shamalaji, Tal: Bhiloda, Dist: Aravlli",Aravali,2018,SFI,--,40,40,--,--,--,--,krnc2018@gmail.com,02771 24069  ,"9723555921
(T) 9429239166",,4th & 5th July 2018,NO
48,49.0,"Krishna Nursing School, At: & Post: Gajan, Shamlaji Road, Modasa, Dist: Aravalli ",Aravali,2018,SFI,30,30,--,--,--,--,--,krishnanursingcollege2018@gmail.com,9879788057,"9499557008
(T) 9879788057         ",,4th & 5th July 2018,NO
49,50.0,"Mahavir College of Nursing, At: Vatrak, Tal: Bayad, Dist: SK",Aravali,2008,SFI,20,50,30,30,--,--,--,dhjoshi21@yahoo.com,"02779 221115
9426379511  ","9429723016 
(T)9426571642",02779-222001,21-22/07/2017,NO
50,51.0,"Mother Care Institute of Nursing, Shri Complex, Lunawada Road, Malpur, Dist: Aravalli",Aravali,2018,SFI,--,30,--,--,--,--,--,mothercaremalpur@gmail.com,02773 224040,"9998812888
(T) 9662884339",,6th & 7th July 2018,NO
51,52.0,"School of Nursing, Civil Hospital, Palanpur",Banaskantha,"1987,
Re-2006",GOV,20,20,--,--,--,--,--,"anm.palanpur@gmail.com
pgnmpalanpur@gmail.com",02742 255622 ,,02742 252652,05-06/05/2014,YES
52,53.0,"Bharat Nursing College, Bharat Education Trust, Rasana – Mota, Tal: Deesa, Dist: Banbaskantha",Banaskantha,2018,SFI,30,30,30,--,--,--,--,betsbnc2018@gmail.com,02744-263600 ,"7567014237
(T) 9924579745",,4th & 5th July 2018,NO
53,54.0,"Gujarat Institue of Nursing, L & M Complex, Nr. Deepak Hotel,  Highway Road, Deesa, Tal: Banaskantha  -385 535",Banaskantha,2014,SFI,50,30,--,--,--,--,--,gindeesa711@gmail.com,02744 231725  ,"9998020711
9512571300",,6th & 7th July 2018,NO
54,55.0,"Shri Krishna Institute of Nursing, Nr. Jalaram Gaushala , S. R. Petrol Pump, AT: Bhabhar, Dist: Banaskantha",Banaskantha,2017,SFI,60,50,50,--,--,--,--,skinbhabhar@gmail.com,9512017493,"9913999075
(T) 9512017491",079 26441413,2nd & 3rd June 2018,NO
55,56.0,"School of Nursing, Civil Hospital, Bharuch",Bharuch,"1986,
Re-2005",GOV,20,20,--,--,--,--,--,anm.bharuch@gmail.com,02642 222984,,02642 241759,14-15/05/2014,YES
56,57.0,"Shri Nyalkaran Nursing College, At: Piraman, Tal: Ankleshwar, Dist: Bharuch",Bharuch,2018,SFI,35,--,--,--,--,--,--,ds.shital@gmail.com,8140478999,"8238840364
(T)-9879578999",,6th & 7th July 2018,NO
57,58.0,"Takshila Nursing College, Sitaral Seva Trust, Opp. Govt. I.T.I. Valia-Netrang Road, At: Valia-393125, Bharuch",Bharuch,2018,SFI,30,40,30,--,--,--,--,takshashilanursing@gmail.com,02765-222385,"9898035864
(T) 9898035864 ",,30th & 31st May 2018,NO
58,59.0,"Welfare Institute of Nursing, Welfare Complex, Bharuch- Karmad Road,Bharuch",Bharuch,2007,SFI,30,30,30,20,--,--,--,2012winm@gmail.com    ,"02642 244449, 
02642 241044
                 
","6352192573
(T) 9512030301  
",,2017-01-15 00:00:00,NO
59,60.0,"Government College of Nursing, Sir T. Hospital, Bhavnagar",Bhavnagar,1950,GOV,--,50,60,--,--,--,--,gconbhav2010@yahoo.com,0278-2521599,,0278-2521599,15-16/04/2015,NO
60,61.0,"Excel School of Nursing, Plot No.883, Diamond Chowk, Mahila College Campus, Bhavnagar",Bhavnagar,2008,SFI,20,40,--,--,--,--,--,excelschoolofnursing@gmail.com,"0278- 2201303
","9825359974
(T) 9828221976",0278- 2201303,17-18/04/2015,NO
61,62.0,"Hanumant School of Nursing, Hanumant Hospital, Nesvad-Devaliya Baypass, At: Mahuva, Dist: Bhavnagar – 364 290",Bhavnagar,2008,SFI,--,30,--,--,--,--,--,nursingschool@hanumanthospital.com,"02844 224444
","9427752203
9265344799
(T) 9408706171",,15-16/04/2015,NO
62,63.0,"Sahjanad Institute of Nursing, Gogha Road, Akhwada, Bhavnagar",Bhavnagar,2009,SFI,30,40,50,20,--,--,--,snursingcollege.bhavnagar184@gmail.com,"0278 2563289
                   84","9099985485
(T) 9375760066",,05-06/05/2014,YES
63,64.0,"Smt. P. J. Institute of Nursing, Plot No. 134-135, Sardar Patel-2 Society, Iscon Club Road, Nr. Jewels Circle, Bhavnagar - 364 003",Bhavnagar,2018,SFI,40,40,--,--,--,--,--,pjinstituteofnursing@gmail.com,9537917070,"9537727070
(T) 9099927575",,20th & 21st July 2018,NO
64,65.0,"Shree Dharmabhakti Nursing School, Gadhada Road, At: Botad",Botad,2013,SFI,30,--,--,--,--,--,--,"botadswagurukul@yahoo.in 
dharmbhaktinursingcollege@gmail.com ",02849 251810,"7405107072
(T) 9925224149",02849 242970,19-20/05/2014,YES
65,66.0,"School of Nursing, CHC & Referal Hospital, Chhotaudepur",Chhota-Udepur,2008,GOV,20,40,--,--,--,--,--,anm.chhotaudaipur@gmail.com,02669 232366,,,24th & 25th May 2018,NO
66,67.0,"Adivasi Institute of Nursing, At: & Post: Pavi Jetpur, Dist: Chhota Udepur",Chhota-Udepur,2015,SFI,40,30,--,--,--,--,--,adivasiinstitute@gmail.com,02664  243585,"9723571399
(T)9825031179   ",02664 243585,1st & 2nd June 2018,NO
67,68.0,"ANM School, Shree  J. S. Chauhan Hospital, Devgadhbaria, Dist: Dahod",Dahod,2008,GOV,20,--,--,--,--,--,--,anm.devgadhbaria@gmail.com,02678 221457,,02678 221457,14-15/05/2014,YES
68,69.0,"School of Nursing, Zydus Medical College & Hospital, General Hospital, Station Road, Dahod - 389 151",Dahod,2008,GOV,20,30,--,--,--,--,--,anm.dahod@gmail.com,02673 241416,9978337360,02673 246548,16-17/05/2014,YES
69,70.0,"Rajkrupa Institute of Nursing, Mahila Gramodhyog & Shishu Vikas Seva Trust, Raj Arcade, Nr. Garbada Chowkdi, National Highway No. 59, Dahod -389151",Dahod,2018,SFI,--,40,50,--,--,--,--,mgsvt.dahod.2017@gmail.com,9755085617,"7972181569
(T)8200215617",,,NO
70,71.0,"S. R. Kadkia School of Nursing/ Shashikala Dhansukhlal College of Nursing, Urban Bank Hospital Campus, At: Raliyati, Dahod - 389 151",Dahod,2002,SFI,30,50,40,30,--,--,--,srknsg_school@rediffmail.com,"02673-245048
            221824
","9427148326
9687044586
(T) 9426327700",,4th & 5th July 2018,NO
71,72.0,"Smt. C. S. Bhabhor Nursing School, At: & Post: Singvad(Pisoi), Tal:Limkheda, Dist: Dahod",Dahod,2017,SFI,--,30,--,--,--,--,--,csbhabhornursingcollege@gmail.com,9427069637,"9427069637
(T) 8758085636       ",02677 230722,2nd & 3rd July 2018,NO
72,73.0,"School of Nursing, General Hospital, Ahwa",Dang,2008,GOV,20,40,--,--,--,--,--,fhwschoolahwa@yahoo.com anm.ahwadang@gmail.com,02631-220035,,,24th & 25th May 2018,NO
73,74.0,"Shagun Institute of Nursing, Bangala Wadi, At: Khambhalia, Dist: Devbhumi Dwarka",Dwarka,2017,SFI,--,40,--,--,--,--,--,shaguninstituteofnursing@rediffmail.com palashjadafva@gmail.com,02833 232038           ,"8141509231
(T) 9898275263  ",02833 232038           ,6th & 7th July 2018,NO
74,75.0,"Shree Divine Instiute of Nursing, At: & Post: Dharampur, Tal: Jamkhambhaliya, Dist: Devbhumi Dwarka",Dwarka,2017,SFI,20,50,--,--,--,--,--,shreedivinenursing11@gmail.com pvkandoriya@gmail.com dineshahir1977@gmai.com,02833 235194,"9428727878
(T) 9712637979",,20th & 21st July 2018,NO
75,76.0,"A. K. Patel School of Nursing, Village: Karai, Sardar Patel Ring Road, At: & Post: Valad, Tal: & Dist: Gandhinagar",Gandhinagar,2011,SFI,--,40,40,--,--,--,--,indubahensevatrust @gmail.com hareshbhai.trivedi@yahoo.com     hareshbhai12012@gmail.com," 9825131094  

","7043245566
(T) 9824012012     
",,30th & 31st May 2018,NO
76,77.0,"Ananya School  of Nursing, Ahmedabad Mehsana National Highway,  KIRC Campus, At : Kolal, Dist : Gandhinagar",Gandhinagar,2016,SFI,--,70,70,--,--,--,--,dinarj1975@gmail.com info@kirc.ac.in   principal.nursing@kirc.ac.in,"9512747901 
","9925033760
(T) 9909996701",,11th & 12th June 2018,NO
77,78.0,"Apollo Institute of Nursing, Apollo Hospital, Plot No. 1/A, Bhat GIDC Astate, Gandhinagar  -382428",Gandhinagar,2009,SFI,--,--,60,--,--,--,--,"principalnursing@apolloahd.com
",079-66701874,"7698815182
9723708416
9979535900",079-23969209,21-22/08/2017,NO
78,79.0,"Arihant Institute of Nursing, G. P. Jain Charitable Trust, Bhoyan Rathod, Opp. IFFCO, Adajan - Kalol Highway Road, Gandhinagar - 382420",Gandhinagar,2018,SFI,--,40,40,--,--,--,--,"anjalpatel48@gmail.com
princeadi1990@gmail.com","9428753376
9978955811","9998812888
(T) 9825076721",,26th & 27th June 2018,NO
79,80.0,"Chanchalben Mafatlal Patel College of Nursing, Civil Hospital Campus,Sector – 12, Gandhinagar - 382012",Gandhinagar,2008,SFI,20,50,60,30,18,--,--,cmpnursingcollege@gmail.com,079  23246606,9723985977,079 23246560,29th &30th June 2018,NO
80,81.0,"Chaudhari Institute Of Nursing, Opp- S.T.depot, Sector – 7, Gandhinagar.",Gandhinagar,2016,SFI,--,40,50,--,--,--,--,chaudhari.nursing@gmail.com,079-23224065,"9913383081
(T) 9879055655                    ",079-23229833,28th & 29th May 2018,NO
81,82.0,"Dr. B. R. Ambedkar College of Nursing, Nr. Nilimapark Society, B/h Swaminarayan Temple, Vasna-Rathod Gam Road, Dehgam, G’nagar",Gandhinagar,2009,SFI,30,50,50,--,5,--,--,"dehgam_nursing_college@yahoo.co.in
","02716  231660
","7878732526
(T) 9898083999",,29th &30th June 2018,NO
82,83.0,"JMD Insitute of Nursing, JMD Education Trust, Knowledge Corridor, Nr. PDPU, Raysan, Gandhinagar- 382007",Gandhinagar,2018,SFI,--,--,40,--,--,--,--,"jmd.nursing@gmail.com
",(M) 7227979896/97,(M) 7227979896/97,,25th & 26th June 2018,NO
83,84.0,"Manjushree Institute of Nursing Science, Goenka Hospital, Pethapur – Mahudi Road, Nr. GGS, Piplaj, Dist: Gandhinagar",Gandhinagar,2017,SFI,20,--,55,--,--,--,--,info@mins.org.in,079-232-728700   ,9727178823,,11th & 12th June 2018,NO
84,85.0,"Medilink Institute of Nursing Science
Sertha Road, Nr. Adalaj Cross Road, Uvarsad, 
Dist: Gandhinagar – 382 422",Gandhinagar,2012,SFI,--,50,30,--,--,--,--,nursingschoolmedilink@gmail.com,"079 4024 1000

","9925494847
(T)9825875854 ",,20th & 21st July 2018,NO
85,86.0,"Sahjanand College of Nursing, Ahmedabad - Kalol Highway, At: & Post: Zundal, Tal: &Dist: Gandhinagar ",Gandhinagar,2008,SFI,--,40,60,--,--,--,--,sahajanandcollegeofnursing@gmail.com,"9727544400,","9909009734
(T) 9825098987 ",,13-14/05/2016,NO
86,87.0,"Sanskar Tirth- Ajol, At: & Post: Anjol, Tal: Mansa, Dist: Gandhinagar",Gandhinagar,2010,SFI,30,--,--,--,--,--,--,sanskartirth.ajol@yahoo.com,02763 285435 ,"9979592075
(T)9825556982",02763 285615,27-28/06/2017,NO
87,88.0,"Shankarsinh Vaghela Bapu Institute of Nursing, Shankarsinh Vaghela Bapu Charitable Trust, Post: Vasan , Tal: & Dist: Gandhinagar",Gandhinagar,2017,SFI,20,--,40,--,--,--,--,director@bapugkv.ac.in,079-23976170,"8154067139
(T)9825193105",,31st and 1st June 2018,NO
88,89.0,"Shantiniketan School of Nursing, At: Padusma, Dist: Mansa, Gandhinagar",Gandhinagar,2012,SFI,30,--,40,--,--,--,--,shantiniketannursing2012@gmail.com,02763-287137,"8866071008
(T)8866071008
     9426620554 ",,26-27/05/2014,YES
89,90.0,"Sharda Institute of Nursing, At: Pethapur, Opp. Kailashdham, Pethapur - Mahudi Road, Dist: Gandhinagar",Gandhinagar,2013,SFI,--,50,--,--,--,--,--,shardainstituteofnursing@gmail.com,"079 30516181
                   82
                    83","9904115227
(T) 9099063147",,11-12/05/2016,NO
90,91.0,"Sharda Nursing College, At: & Post: Pansar, Tal: Kalol-382740",Gandhinagar,2011,SFI,--,40,40,--,--,--,--,shardanursing@gmail.com,"02764-288601/
                    02/
                     03
","8200911039
9924485701
(T) 9099948493 
",,12-13/05/2017,NO
91,92.0,"Shree Swaminarayan College of Nursing, Shree Swaminarayan Vishwamangal Gurukul,, At: Saij, Opp. Kalol G.I.D.C., Dist: Gandhinagar-382 721 ",Gandhinagar,2017,SFI,--,40,50,--,--,--,--,ssnckalol@gmail.com  ,9879614190,"9427483055
(T) 9879614190 ",,7th & 8th June 2018,NO
92,93.0,"Vraj Institute of Nursing Science & Research, At: & Post: Mota Chiloda, Nr. Bus Stand, Tal: & Dist: Gandhinagar",Gandhinagar,2012,SFI,20,20,--,--,--,--,--,"vrajinstitute@gmail.com
deepkumar_1965@gmail.com",079 23273030,"9499557005
(T)9879788057",079 23253030  ,27th & 28th June 2018,NO
93,94.0,"Shree Saraswati College of Nursing, Nr. Railway Station, At: & Post: Gir Gadhada, Tal: Una, Dist: Somanath -Gir – 362 530",Gir-Somnath ,2011,SFI,30,--,--,--,--,--,--,djoshi.gir@gmail.com,02875 222554,"9879576201
(T) 9824294700",02875 243201,11-12/07/2016,NO
94,95.0,"Somnath School of Nursing, Gohil ni khan, Veraval Road, Kodinar",Gir-Somnath ,2011,SFI,30,--,--,--,--,--,--,sect@rediffmail.com,"02795 223880,
           220520","7405678872
(T)9426915785",02795 220021,11-12/05/2016,NO
95,96.0,"ANM School, Divisional Training Center, At: Aliabada, Dist: Jamnagar ",Jamnagar,2011,GOV,20,--,--,--,--,--,--,"fhwtsaliyabada@yahoo.com
anm.aliyabada@gmail.com",0288 2882250,,,23-24/04/2015,NO
96,97.0,"Government College of Nursing, G. G. Hospital,Jamnagar",Jamnagar,1933,GOV,--,--,40,30,--,--,--,"
gconjam200813@gmail.com",0288-2541824,,0288-2679592,21-22/04/2015,NO
97,98.0,"Humantorch School of Nursing, Mayur Green,Plot No-6,opp- Sangambag Road,B/H-Patel Park, Jamnagar-361008",Jamnagar,2009,SFI,40,50,--,--,--,--,--,htcollegeofnsg@gmail.com,"0288  2553218
          2552450","8401999722
(T)9377616526
",0288 2556043,20th & 21st July 2018,NO
98,99.0,"Shree Shreyas Nursing Institute, At:Jodiya, Dist: Jamnagar – 361250",Jamnagar,2012,SFI,30,--,--,--,--,--,--,"shreyasnursing@gmail.com
agheraprabhulal@yahoo.com",288288461,"9408536482           
(T) 9426231104
9099758529
9426231104",,2015-03-16 00:00:00,NO
99,100.0,"Shree Swaminarayan Gurukul Nursing College, Shree Swaminarayan Smaj Seva Trsut, Jamnagar-Okha State Highway, Nr. Civil Airport Road, Naghedi, Jamnagar - 361 350",Jamnagar,2018,SFI,50,50,50,--,--,--,--,ppatel18@aol.in,9377811111,"9913161204
(T)9377811111",0288 2889539,13th &14th June 2018,NO
100,101.0,"Shri Dayaman Institute of Nursing & Research, Lakhabaval Road, Jamnagar-Okha State Highway, Jamnagar – 361 006 ",Jamnagar,2014,SFI,30,--,--,--,--,--,--,krishna.dayaman@gmail.com,"0288 2889555
","7874740623
(T)9998014275
",,23-24/04/2015,NO
101,102.0,"School of Nursing, General Hospital, Junagadh",Junagadh,1964,GOV,--,40,--,--,--,--,--,principalgnmschool2017@gmail.com,"0285 2652288
",,0285 2652288,23rd &24th May 2018,NO
102,103.0,"Kalp Institute of Nursing, C/o. Kalp Hospital, Cross Road, Zanzarda Chokdi, Junagadh-362001",Junagadh,2018,SFI,--,40,--,--,--,--,--,kin.jnd18@gmail.com,9428187999,"9428187999
(T)98796989551",,6th & 7th June 2018,NO
103,104.0,"Mahatma Gandhi School of Nursing, Rajmoti Park Soc., Khamdhrol Road, Nr. Balakrishna Society, Junagadh – 362 001",Junagadh,2011,SFI,40,40,40,--,--,--,--,mgsnjunagadh@yahoo.com,(O) 0285 2631731,"8511097972
(T)9825529345",,4th & 5th July 2018,NO
104,105.0,"Noble School of Nursing, “Parth Vatika”, Junagadh – Bhesan Road, Via:Vadal, Nr. Bamangam, Junagadh – 362 310",Junagadh,2011,SFI,--,50,40,30,--,--,--,nnsj11@gmail.com,9824299961,"9879014789
(T) 9904406626",,4th & 5th June 2018,NO
105,106.0,"SET School of Nursing, Radhekrishna Nagar, Vanthli Road, Junagadh",Junagadh,2012,SFI,--,40,--,--,--,--,--,sset.junagadh@gmail.com,0285 2675092,"9998943932
(T)9427501185",0285 2671703,13-14/05/2016,NO
106,107.0,"Shri Brahmanand School of Nursing, Brahmanand Education Campus, At: Chaparada, Tal: Visavadar, Dist: Junagadh-394160",Junagadh,2015,SFI,--,40,40,--,--,--,--,brahmanandcollegeofnursing@gmail.com,02873 210414,(T)9712371033      ,02873 210414,28th & 29th May 2018,NO
107,108.0,"School of Nursing, Civil Hospital, Nadiad",Kheda,"1987,
Re-2005",GOV,--,20,--,--,--,--,--,generalnursingschoolnadiad@gmail.com,0268 2529099,,,28th & 29th May 2018,NO
108,109.0,"Dinsha Patel College of Nursing, Opp. Mahagujarat Hospital, B/h Hundai Show Room, College Road,Nadiad – 387 001",Kheda,2011,SFI,--,50,60,20,10,--,--,dpcninfo@yahoo.com,0268- 2521500,"7567660166
(T)9825160843",0268- 2521500,29th &30th June 2018,NO
109,110.0,"Methodist School of Nursing, Methodist Hospital, Mission road, Nadiad-2",Kheda,1953,SFI,--,20,--,--,--,--,--,mschoolofnursing@yahoo.in,"0268-255780
",9662123067,,2nd & 3rd July 2018,NO
110,111.0,"Ratanba School of Nursing, At: Virpur, Tal: Balasinor, Dist: Kheda ",Kheda,2012,SFI,40,--,--,--,--,--,--,ratanbanursingschoolvirpur@yahoo.com,02690 278152,"9925783018
(T)8141852255", 02690 278051,2nd & 3rd July 2018,NO
111,112.0,"Siddhi Vinayak Institute of Nursing, Manek Nivas, At &Po: Dakor, Tal: Thasra, Dist: Kheda",Kheda,2013,SFI,40,30,--,--,--,--,--,svnursing@yahoo.in,"9512042601
9512042602","9512042601
(T)9099943702
",,30th &31st May 2018,NO
112,113.0,"Vinayaka College of Nursing, Nr-Hindu Anath Ashram, Opp- Sardar Patel Bhavan , Nadiad, Dist: Kheda",Kheda,2016,SFI,30,60,60,--,--,--,--,vinayakacollege@yahoo.in,0268 2562300,"9512043701
(T)9099943702",,1st December 2018,NO
113,114.0,"ANM School, General Hospital, Mandvi, Kutchh",Kutchh,2008,GOV,20,--,--,--,--,--,--,anm.mandvi@gmail.com,02834 222350,,02834 222632,05-06/05/2014,YES
114,115.0,"ANM School, Government Hospital, Rapar ",Kutchh,2008,GOV,20,--,--,--,--,--,--,"fhwtsrapar@yahoo.com
anm.rapar@gmail.com",02830 220307,,02830 220307,07-08/05/2014,YES
115,116.0,"School of Nursing, G.K. General Hospital, Bhuj",Kutchh,"1987,
Re-2005",GOV,20,20,--,--,--,--,--,"anm.bhuj@gmail.com,
fhwbhuj@yahoo.in",0283 2250111,,0283 2250150,07-08/05/2014,YES
116,117.0,"BMCB College of Nursing, City Square Township, At: Lakhod, Bhuj, Tal: Bhuj, Dist: Kutchh- 370 105",Kutchh,2009,SFI,20,50,50,--,10,--,--,bmcbcollegeofnursing@yahoo.co.in,02832  271215,"9687404164
(T)7208290271", 02832 271215,29th &30th June 2018,NO
117,118.0,"Nirmala Gajwani School of Nursing, Plot No. 657, ward 12-C, Lilshah Nagar Circle, Gandhidham, Kutchh",Kutchh,2010,SFI,20,40,--,--,--,--,--,ngsn.gandhidham@gmail.com                       ,"02836   295903
","9033822094
(T)9909475450",,08-09/06/2015,NO
118,119.0,"SKLP Nursing Institute of Education and Practice, Mundra Road, Bhuj-Kutchh - 370 001",Kutchh,2011,SFI,--,40,40,--,--,--,--,sklpnursinginstitute@gmail.com,02832-230077," 9925730077
 9428668338 
(T)9825453965",02832 231133,27th & 28th June 2018,NO
119,120.0,"School of Nursing, State Hospital, At: Santrampur, Dist: Mahisagar",Mahisagar,2015,GOV,--,30,--,--,--,--,--,gnmschoolsantrampur@yahoo.com,02675 220036,,,11-12/05/2016,NO
120,121.0,"Shital School of Nursing, Shriji Campus, Pattan Road, Ghodariya, Post: Kakachiya, Tal: Lunawada, Dist: Mahisagar",Mahisagar,2012,SFI,30,40,--,--,--,--,--,shitalinstituteofnursing@gmail.com,02674 250166,"9558862787
(T)9426404477",02674 250266,6th & 7th July 2018,NO
121,122.0,"ANM School, G. D. General Hospital, Visnagar",Mehsana,2008,GOV,20,--,--,--,--,--,--,anm.visnagar@gmail.com,02765 223512,, 02765 223512,12-13/05/2014,YES
122,123.0,"Ambaji Nursing College, At: & Post: Ganeshpura, Kayal Road, Tal: Kadi, Dist: Mehsana",Mehsana,2017,SFI,--,30,40,--,--,--,--,ambajinursingcollege@gmail.com,"02764273201,
9016235323,
9913718291           ",,,6th & 7th July 2018,NO
123,124.0,"Jatan School of Nursing, 2nd & 3rd Floor,  Apple Arcade, Opp. Jatan Childeren Hospital, Ta: Kheralu, Dist: Mehsana",Mehsana,2018,SFI,--,40,--,--,--,--,--,jatannursingschool@gmail.com,02761 231244,"9898852481
(T)9426895015",02761 231344,27th & 28th June 2018,NO
124,125.0,"Joitiba College of Nursing, At: Bhandu, Tal:Visnagar, Mehsana",Mehsana,2008,SFI,50,60,60,20,25,--,--,jcnbhandu@gmail.com,"02765 287034,
","8141884999
(T)9687637251
",02765 287945,29th &30th June 2018,NO
125,126.0,"K J School of Nursing, At & Post : Vadasama,  Ta & Dist : Mehsana-384001",Mehsana,2016,SFI,40,50,50,--,--,--,--,kjnursing2017@gmail.com,02762 278305             ,"9924823909
(T)9825032281",,31st and 1st June 2018,NO
126,127.0,"Manav Nursing School, Opp. Jogniya Mata, Visnagar, Gunja Highway Road, Dist: Mehsana",Mehsana,2011,SFI,--,40,30,--,--,--,--,avadhtotal@yahoo.co.in , 02765-222508,"9427682784
9426385848
(T)7573052444
", 02765-222508,2nd & 3rd July 2018,NO
127,128.0,"Mehsana District Bank School of Nursing (ANM), Lions General Hospital,  Jail Road, Mehsana, Pin: 384002",Mehsana,2013,SFI,30,50,40,--,--,--,--,lionsconmehsana@gmail.com,027662 241969,"9904426614
(T)9904426614",02762-240410,27th & 28th June 2018,NO
128,129.0,"Merchant Nursing College,At: & Post: Basna, Tal: Visnagar, Dist: Mehsana",Mehsana,2018,SFI,40,40,40,--,--,--,--,director.merchantnursing@gmail.com,"9723706132
9723706186","(T)9974807444
      9099063065",,4th & 5th July 2018,NO
129,130.0,"Mother Teressa College of Nursing, At:Godhva, Nr.Telephone Exchnage, Bakarpura Road, Tal:Visnagar, Dist: Mehsana-384315",Mehsana,2009,SFI,20,40,40,--,--,--,--,motherterrasagothava@gmail.com                         ,02765-281213,"9714820525
(T)9879596491
",02765- 281212,23-24/05/2016,NO
130,131.0,"Nootan College of Nursing, S.P. Sahakar Vidhyadham, Nr. Kamna Crossing, S.K. Campus, Ambaji-Gandhinagar Highway, At:Visnagar, Mehsana",Mehsana,2011,SFI,30,60,60,--,20,--,--,"fn.ncn@spu.ac.in
nootancollegeofnursing@yahoo.com nootannursingschool@gmail.com",7624020423,"7567659912
8347025050
(T)9898989819
",02765-233008,11th & 12th June 2018,NO
131,132.0,"P. & T. School of Nursing, At: Bhandu, Ta: Visnagar, Mehsana",Mehsana,2011,SFI,30,40,--,--,--,--,--,ptpnursing@gmail.com,02765 287922,"6359257901
9662766851
(T)9898074351
      9426020264
      6359257902

",02765- 287923,09-10/06/2014,YES
132,133.0,"R. G. Patel Nursing School(Shree Saraswati Kanya Kelvani Mandal Sanchalit College Of Nursing) At : Nanikadi,  Tal : Kadi, Dist : Mehsana-382715",Mehsana,2010,SFI,--,40,30,--,--,--,--, Shakuntala160350@yahoo.com,02764  242031,"9825965156
(T)9726082402",02764  242031,2nd & 3rd July 2018,NO
133,134.0,"Ratna Prabha Nursing School, Nr. Bus Depot, At: & Post: Vadnagar, Dist: Mehsana - 384 355",Mehsana,2015,SFI,20,50,50,--,--,--,--,"office.rpni@kst.org.in
principal.rpni@gmail.com",02761-222605,"7600601409
(T)9924105686",,29th &30th June 2018,NO
134,135.0,"School of Nursing, Civil Hospital, Mehsana",Mehsana,1978,GOV,--,50,--,--,--,--,--,princignmmehsana2015@gmail.com,02762 220327,,,01-02/06/2017,NO
135,136.0,"Shree Sai School of Nursing, Nr. Vyapar Bhavan, S.T. Bus Station Road, Nagar Vaniya Bording, Visnagar-384315, Dist: Mehsana ",Mehsana,2011,SFI,30,--,--,--,--,--,--,shreesaikrupa002@yahoo.com,02765 232435,"8140236042
(T)9426031672",,2nd & 3rd July 2018,NO
136,137.0,"Shri Maharshi Dayanand Saraswati Nursing School, B/h Parikh D. D. Kanya Vidhyalaya, Opp. Dosabhai baug, Station Road, Visnagar - 384 315, Dist: Mehsana",Mehsana,2018,SFI,20,--,--,--,--,--,--,mdsnursing.2018@gmail.com,02765-222385,"9898035864                     
(T)9898035864",,5th & 6th July 2018,NO
137,138.0,"ANM School, Government Hospital, Morbi",Morbi,2008,GOV,20,--,--,--,--,--,--,anm.morbi@gmail.com fhwtcm@gmail.com sr_morbia@yahoo.co.in,02822 234475,,02822 234475,05-06/05/2014,YES
138,139.0,"Krishna Institute of Nursing, Krishna Multispeciality Hospital, Shanala Road, Morbi",Morbi,2014,SFI,20,--,--,--,--,--,--,krishnanursinginstitutemorbi@gmail.com,02822 224491,"7574877720
(T)9624959593
      9727799188",,21-22/04/2015,NO
139,140.0,"Shree N. L. Amodra School of Nursing, At: Charadva, Tal: Halvad, Dist:Morbi -363330",Morbi,2012,SFI,30,20,20,--,--,--,--,namodra412@gmail.com  nlamodra_nursing@yahoo.com,02758 240571,"9913562420
(T)9638952606",02758 240571,29th & 30 June 2018,NO
140,141.0,"School of Nursing, Civil Hospital, Rajpipla",Narmada,2008,GOV,20,30,--,--,--,--,--,anmtrainingrajpipla@yahoo.com anm.rajpipla@gmail.com,"02640 222891
",, 02640 224230,20-21/05/2016,NO
141,142.0,"Shree Swaminarayan Nurisng College, Tanakhala Road, Tal:Garudeshwar, Dist: Narmda",Narmada,2017,SFI,--,--,40,--,--,--,--,"ssncbsckevadia@gmail.com
","9925049510
9426125860",,,3rd & 4th July 2018,NO
142,143.0,"School of Nursing, M.G.G. Hospital, Navsari",Navsari,1986,GOV,20,20,--,--,--,--,--,anm.navsari@gmail.com,02637 230709,,02637 233093,07-08/05/2014,YES
143,144.0,"S. S. Agrwal College of Nursing, Verranjli Marg, Opp. Vidhyakunj High school, Nr. Devina Park Society, Gandevi Road, Navsari-396445",Navsari,2010,SFI,30,50,50,--,15,--,--,ssagconprincipal@gmail.com,02637 232667,"7878515794
",02637 232857,8th & 9th June 2018,NO
144,145.0,"Shree Swaminarayan Nursing College, Shiv Education and Welfare Trust, At: Khundh, Vasda Road, Tal: Chikhli, Dist: Navsari ",Navsari,2018,SFI,30,30,40,--, ,--,--,sncollegechikhli@gmail.com,02634 292928,"9512039009
(T)9537199199",,,NO
145,146.0,"School of Nursing, Civil Hospital, Godhra",Panchmahal,1980,GOV,--,50,--,--,--,--,--,gnmschoolgodhra@yahoo.com,"02672 252742
",,02672 242559,11th & 12th June 2018,NO
146,147.0,"GVM Nursing College, Gopalak Vikas Madal, At: & Post: Aniyad, Tal: Shahera, Dist: Panchmahal – 389 210",Panchmahal,2011,SFI,30,40,55,--,20,--,--,gvmnursing@gmail.com,"9979402863
9099063119","8141590975
(T)9979402863
      8469693412", 02670 227001,22nd & 23 June 2018,NO
147,148.0,"ANM School,  Sheth N. L. General Hospital, Patan",Patan,2008,GOV,20,--,--,--,--,--,--,anmschoolpatanprincipal@yahoo.com anm.patan@gmail.com,02766 232761,,,07-08/05/2014,YES
148,149.0,"ANM School, Civil Hospital, Radhanpur",Patan,2008,GOV,20,--,--,--,--,--,--,anm.radhanpur@gmail.com,02746 277602,,,09-10/05/2014,YES
149,150.0,"Government College of Nursing, G.M.E.R.S. Medical College & Hospital,Campus, At: Dharpur, Tal: & Dist: Patan – 384265 ",Patan,2009,GOV,--,--,40,--,--,--,--,gconpatan@gmail.com,"02766 265355
           265455",,,,NO
150,151.0,"Government College of Nursing, General Hospital, Siddhpur. Di: Patan",Patan,2012,GOV,40,50,50,--,--,--,--,gcon.siddhpur@gmail.com,"02767-223350
           226350
",,2767223350,09-10/06/2017,NO
151,152.0,"B. M. Patel School of Nursing, At: & Post: Hajipur, Sidhhpur Road, Dist: Patan",Patan,2012,SFI,60,50,50,--,--,--,--,bmhajipur@yahoo.com   ,02766 28505,"9924524022
(T)9925200834/39",,3rd December 2018,NO
152,153.0,"D. I.  Patel School of Nursing, Tiranga Vidhya Sankul, At: & Post: Sujanpur, Tal: Sidhpur, Dist: Patan",Patan,2009,SFI,30,50,50,--,--,--,--,sipct_sujanpur@yahoo.com,02767 220022,"9714967377
(T)9925200834/39        ",,3rd December 2018,NO
153,154.0,"Gokul Nursing College, Gokul Education Campus, Sujanpura  Patiya, Opp- IOC  State Highway, Siddhpur, Dist : Patan ",Patan,2016,SFI,--,55,55,--,--,--,--,gokulnursingcollege@gmail.com vasant01patel@gmail.com,02767-224855 ,"9099033643
(T)9879112560
     9099054767",02767-224855,4th & 5th July 2018,NO
154,155.0,"Shree Shankar School of Nursing, At: Manund, Manund –Lanva Road, Dist: Patan-384260",Patan,2012,SFI,30,40,--,--,--,--,--,"shreeshankarnursingschool@gmail.com,
shankarnursingschool@gmail.com",02766 275121 ,"9723395300
(T)9327043165", 02766 275123,19-20/05/2014,YES
155,156.0,"General Nursing School, Bhavsinh General Hospital, S.T. Road, Porbandar- 360 575",Porbandar,2017,GOV,--,60,--,--,--,--,--,nursing.school.porbandar@gmail.com,"0286-2244338
",,0286 2242910,13th &14th June 2018,NO
156,157.0,"Shree Swaminarayan R. P. Badiyani and S.R.Badiyani Institute of Nursing, Shree Swaminarayan Education and Medicare Foundation, At: Chhaya, Porbandar , ",Porbandar,2017,SFI,40,30,30,--,--,--,--,swamijipbr@gmail.com,0286-2245973,"09898275263
(T)09825230451                     ",,2nd & 3rd July 2018,NO
157,158.0,"ANM School, B/h Bhumali Bhavan, Hiralal Gosaliya Road, Rajkot",Rajkot,2010,GOV,20,--,--,--,--,--,--,anmnursingschool_rajkot@yahoo.com anm.rajkot@gmail.com, 0281-2471066,,,23-24/04/2015,NO
158,159.0,"Government College of Nursing, P.D.U. Hospital, Rajkot",Rajkot,1956,GOV,--,--,50,--,--,20,--,govtnursingcollegerjt@gmail.com,0281-2471918,,,12-13/05/2014,YES
159,160.0,"Arpit Nuring School & College, ""ARPIT"" Block No. 29, Gunjan Vihar, University Road, Rajkot - 360005",Rajkot,2018,SFI,--,20,20,--,--,--,--,arpitcollege@gmail.com,937705350,"9909971477
(T)9909943063",,,NO
160,161.0,"Balaji  College of Nursing, Gondal- Virpur,NH – 27, At – Gomta, Nr- Charakhadi Crossing, Gondal – 360320.",Rajkot,2017,SFI,40,40,50,30,--,--,--,dhaduk.edu@gmail.com,9725053023,"9427045036
(T)9724200100",02727 287263,8th & 9th June 2018,NO
161,162.0,"Christ College of Nursing, Christ Hospital, Madhapar, Jamnagar Road, Rajkot-360006",Rajkot,2018,SFI,--,--,20,--,--,--,--,christcollegeofnursingrajkot@gmail.com,"9374351814/818 
",,,4th & 5th July 2018,NO
162,163.0,"Faiz Bright Nursing School 8-A, National Highway, At: Lalpar, Tal: Wakaner,   Dist: Rajkot – 363621  ",Rajkot,2013,SFI,30,--,--,--,--,--,--,"thefaiznursingschool@gmail.com,
adilbadi47@gmail.com",02828-221171,"9712232747
(T)9825224687",,14-15/05/2014,YES
163,164.0,"Jay Somnath Institute of Nursing Education, At: Dholra, Dist: Rajkot",Rajkot,2010,SFI,40,50,50,30,--,--,--,shaileshkamalia@gmail.com,"9512099059

","(T)9898847080  


",,6th & 7th July 2018,NO
164,165.0,"Kamdar College of Nursing, Haripar(Pal), Survey No.12, B/h NRI Bunglows, Kalavad Road, Rajkot-360007",Rajkot,2011,SFI,30,50,40,30,12,--,--,"kamdarparesh@gmail.com
kamdarnursing@gmail.com",9375007440,"9510058611,    
(T)9426907440",,2nd & 3rd July 2018,NO
165,166.0,"M. Y. Patel School/College of Nursing, Kailashnagar-Bhavnagar Road, At: Atkot, Tal: Jasdan, Dist: Rajkot",Rajkot,2010,SFI,30,40,50,30,--,--,--,shreemdbp@yahoo.com, 02821 288339,"9974593155
(T)9426961132
",02821 288350,20-21/05/2016,NO
166,167.0,"Matrushri Vrajkuvarben B. Manvar School of Nursing, At: Dumiyani, Tal: Upleta, Dist: Rajkot – 360 440",Rajkot,2010,SFI,30,50,--,--,--,--,--,nursingdumiyani@gmail.com, 02826 295807,"9426221999
(T)9099751771
",02826 222808,2nd & 3rd July 2018,NO
167,168.0,"Murlidhar College of Nursing, Kalipat, Bhav Nagar Road, Opp. R. K. College, Dist: Rajkot",Rajkot,2010,SFI,30,40,50,--,--,--,--,murlidharnursinginstitute@gmail.com,0281  2785020 ,"8141343999
(T)9925024603",0281 2785021,02-03/06/2014,YES
168,169.0,"Saurastra Kidney Research Institute of Nursing, C/o. B.T. Savani Kidney Hospital, Nr. University Gate, Rajkot – 360005",Rajkot,2013,SFI,--,40,--,--,--,--,--,skrischool@gmail.com ,0281 2555184,"7600591005
(T)8460609008",0281 2561292,08-09/07/2016,NO
169,170.0,"Shree Anand College of Nursing, Plot No. 1 to 4, B/h Sainik Society,Opp. Ganteshwar Park, Rajkot –Jamanagar Highway, Rajkot",Rajkot,2007,SFI,40,60,60,30,20,--,--,sumangalam_rjt@rediffmail.com,"0281 2970837
","9558159445
(T)9428003863
",0281  2920012 ,2014-07-31 00:00:00,YES
170,171.0,"Shree H. N. Sukla Nursing School/College, Sanklp Social Education Trust, Nr. Lapari Lake, B/h Marketing Yard, Amargadh (Bhichari), Rajkot",Rajkot,2011,SFI,40,60,60,--,--,--,--,hnsnursing@gmail.com mrupani2005@gmail.com sanjayvadhar@gmail.com,"8758948300
8141840857","7621088006
(T)9099063359",0281 2472590,5th &6th June 2018,NO
171,172.0,"Shree Saraswati College of Nursing, At: & Post: Bhutvad, Tal: Dhoraji, Dist: Rajkot – 360 410",Rajkot,2010,SFI,30,--,40,--,--,--,--,"sarswaticon.2010@yahoo.in 
saraswatianm2016@yahoo.in",02824 222882,"9428440074
(T)9426269920    ",,21-22/07/2017,NO
172,173.0,"Shree Sodha School of Nursing, No. 2, Railnagar Society, B/h Popat Para, Rajkot - 360 001",Rajkot,2014,SFI,40,60,60,--,--,--,--,sodhainstitute@gmail.com,0281 2471270,"9426857462
(T)9428003863",0281  2970837 ,6th & 7th June 2018,NO
173,174.0,"Shri Hansrajbhai Savajibhai Radadiya Nursing College, At: Kalawad Road, Tal: Jamkandorana, Dist: Rajkot",Rajkot,2017,SFI,--,50,50,--,--,--,--,"shrihsrnursing@gmail.com
kcjamkandorna@gmail.com",02824 272040,"9537476589
(T)9979065291",,29th & 30 June 2018,NO
174,175.0,"Vidhyanikunj Nursing School, 3. Krishna Nagar, Movadi Plot, Rajkot - 360 004",Rajkot,2011,SFI,30,30,--,--,--,--,--,jinjalamp@gmail.com,9426696928,"
(T)9898847080       ",,6th & 7th July 2018,NO
175,176.0,"School of Nursing, Sir Pratap General Hospital, Himatnagar",Sabarkantha,1987,GOV,--,50,--,--,--,--,--,nursingschoolhmt2014@gmail.com, 02772 249036,,02772 246618,13th &14th June 2018,NO
176,177.0,"School of Nursing, Vishwkalayan Society, Atmavallabh Hospital Campus, Himatnagar Road, At: Idar – 383 430 ",Sabarkantha,2009,SFI,30,60,--,--,--,--,--,dhavaldparikh@yahoo.com, 02778-252722,"9328619324
(T)9427367500",02778-252722,13-14/05/2016,NO
177,178.0,"Chitrini Nursing College for Women, At: & Post: Junabakarpura, Tal: Prantij, Dist: Sabarkantha",Sabarkantha,2010,SFI,30,40,50,--,30,--,--,gnanyog.trust@gmail.com, 02770-231422,"9898246488
9898246488
(T)9427481708    ",02770-230032,02-03/06/2017,NO
178,179.0,"D.L.Patel School of Nursing, Vidhyanagar,  Motipura, Dist : Himmatnagar-383001",Sabarkantha,2016,SFI,30,55,30,--,--,--,--,dlpanm15@gmail.com, 02772 244621,"9428465027
(T)9925073096",02772 245120,4th & 5th July 2018,NO
179,180.0,"Daliba Nursing School, At: & Post: Androkha,,  Tal: Vijaynagar, Dist: Sabarkantha",Sabarkantha,2017,SFI,--,40,--,--,--,--,--,hiteshpatel1682@gmail.com                                     drpareshpatel1551@gmail.com,9428151560,"9427594895
(T)9428151560", 0265-2370465,6th & 7th July 2018,NO
180,181.0,"Ekta Nursing School/College, At: NaviMetral, Tal:Khedbrhma, Dist:Sabarkantha",Sabarkantha,2011,SFI,30,40,40,--,--,--,--,ektaedu.inst@gmail.com, 02775 291580,"9429746164
(T)9909495802", 02775 291580,2nd & 3rd July 2018,NO
181,182.0,"Grow More Institute of Nursing, Ahmedabad-Udaipur Highway, Himatnagar, Dist: Sabarkantha – 383 001",Sabarkantha,2011,SFI,--,50,40,--,--,--,--,principal.nursing@growmore.ac.in Info@growmore.ac.in, 02772-225500," 09428513924
(T)9426503180",02772 255505,05-06/08/2017,NO
182,183.0,"Riddhi School of Nursing, Plot No.3, Chandra Nagar Society, Motipura, Himatnagar – 383 001",Sabarkantha,2014,SFI,30,40,--,--,--,--,--,riddhischoolofnursing@gmail.com,02772 229972 ,"9925072952
(T)9825313251",02772 229972,6th & 7th June 2018,NO
183,184.0,"Sabar School of Nursing, At: Vandiyol, Tal: Bhiloda, Dist: Sabarkantha",Sabarkantha,2013,SFI,30,40,40,--,--,--,--,sabarschoolofnursing@gmail.com,9428644487,"9428644487
(T)9426342763",,23rd &24th May 2018,NO
184,185.0,"Sadbhav School of Nursing, AT: Rupal, Himatnagar, Dist: Sabarkantha",Sabarkantha,2016,SFI,--,50,30,--,--,--,--,sadbhav.nursing@gmail.com," 9408001274
 02727 272115","9408001275
(T)9913383081
     9950331949",,6th & 7th July 2018,NO
185,186.0,"ANM School, Divisional Training Center, At: Sachin, Dist:Surat",Surat,2014,GOV,30,--,--,--,--,--,--,pr.anmsachin@gmail.com, 0261 2392250,,0261 2392250,17-18/04/2015,NO
186,187.0,"ANM Training School, Hatisha Road, Opp. Arts & Commerce College, At: Olpad, Dist: Surat",Surat,2014,SFI,20,--,--,--,--,--,--,shantilalpatel.sp@yahoo.com,02621 292244,"9071486030
(T)9426152252",,15-16/04/2015,NO
187,188.0,"Government College of Nursing, New Civil Hospital, Majura Gate, Surat ",Surat,1942,GOV,--,--,50,--,--,--,--,govtnursingcollege177@gmail.com,0261- 2233716,"
          ",0261-2241324,3rd & 4th July 2018,NO
188,189.0,"School of Nursing, Referal Hospital & CHC, At: Mandvi, Dist: Surat",Surat,2015,GOV,--,30,--,--,--,--,--,"gnm.mandvi@gmail.com,
principalgnmmandvi.surat@gmail.com",0261 2233716,,,12-13/04/2017,NO
189,190.0,"Aminaben M. Gangat School of Nursing, Sarvajanik Hospital, Chhada Ole, Rampura, Surat",Surat,2003,SFI,--,30,--,--,--,--,--,sarvajanikmedicaltrust@gmail.com amgm1schoolofnursing@yahoo.com, 0261-  2452177,"8460276343
(T)9898037770
      8488899998   ",0261- 2492062,20th & 21st July 2018,NO
190,191.0,"Bhagwan Mahavir School of Nursing, Surve No. 149, Ashirvadvilla Row- House, Nr. Heena Bunglow, New City Light Road, Barthana-Vesu, Surat-395017",Surat,2009,SFI,--,40,--,--,--,--,--,bmef.nursing@gmail.com, 0261  6770103-04,"9979485936
(T) 9898128768",0261  2268091,05-06/07/2017,NO
191,192.0,"Jaydeep Sharda Memorial school of Nursing, Kankaria Khadi, Parvat Godara Road, Surat",Surat,2006,SFI,20,40,--,--,--,--,--,aabangandhi999@gmail.com,9879282550,"8469622954
(T)9825238036",0261  2215103,11th & 12th June 2018,NO
192,193.0,"Kiran Nursing College, Samast Patidar Aarogya Trust, Kiran Hospital, Nr. Sumul Dairy, Surat - 395 004",Surat,2018,SFI,--,60,60,--,--,--,--,nursing.college@kiranhospital.com,0261 7161200,"07874752567
(T)9825131234",0261 7161200,11th & 12th June 2018,NO
193,194.0,"Maniba – Bhula College of Nursing, “ Gopal – Vidhyanagar” Bardoli- Mahuva Road, Bardoli  – 394 601, Dist: Surat",Surat,2008,SFI,--,40,50,20,25,--,--,director.mbnc@utu.ac.in," 02625 245141
7813033020 ","7813033020
(T)9825331307",02625  255882,16-17/05/2016,NO
194,195.0,"Metas School of Nursing, Seventh day Adventist Hospital, Athwalines, Surat",Surat,1977,SFI,--,60,--,--,--,--,--,"president@metasofsda.org,
nimmysyam@yahoo.co.in"," 0261 3047777
 02613047203","9723811842
(T)02613047209", 0261 2652402,19-20/06/2014,YES
195,196.0,"P. P. Savani School of Nursing, , P. P. Savani Knowledge City, At: & Post: Dhadod, Tal: Mangrol, Dist: Surat, ",Surat,2017,SFI,--,40,60,--,--,--,--,"principal.nursing@ppsu.ac.in
parag@ppsu.ac.in"," 9512035618
 0261 2577300","9099919288
(T) 9898484821",,27-28/05/2017,NO
196,197.0,"Shree Laxmipati Mahavir Nursing School, Chhapgar, Sangrampura, Surat - 395 002",Surat,2009,SFI,--,50,--,--,--,--,--,shreelaxmipati@yahoo.com,,"9913090664 
(T)8980024201
",0261  2462113,05-06/07/2017,NO
197,198.0,"Shree Swaminarayan School of Nursing, Nr. Rander Road, Adajan, Dist: Surat -395 009",Surat,2011,SFI,30,--,--,--,--,--,--,ssnursingsurat@gmail.com, 0261 2760921 ,"9879615552,
9712237781
(T)9825726019 ",,18-19/05/2016,NO
198,199.0,"Shri Sanket Patel Memorial Nursing College, Nr. Mosali Cross Road, AT: Vasravi, Mangrol, Dist: Surat",Surat,2017,SFI,--,50,--,--,--,--,--,shriopc@gmail.com,9876543737,"9825018544
(T)9376122664 ",,30th & 31st May 2018,NO
199,200.0,"Smt. Raniben Madhabhai Bhadarka Nursing College, National Highway No. 8, Baleshwar Patia, Opp. Aman Hotel, Tal: Palsana, Dist: Surat-394317",Surat,2018,SFI,--,40,40,--,--,--,--,jmbhadarkasvs@yahoo.com,9687699334,"9687699335,
9824571761",,20th & 21st July 2018,NO
200,201.0,"SSTJ School of Nursing, Shree Prannath Hospital, Shree Prannath Marg,  Ved Road, Surat- 395004",Surat,2016,SFI,20,40,--,--,--,--,--,sstjnursingsurat@gmail.com ,0261 2510050 ,"9512039008
(T)9879615552 ",,06-07/06/2017,NO
201,202.0,"T. & T.V.College of Nursing, Ashaktashram hospital, Rampura,Surat",Surat,2006,SFI,--,40,50,--,--,--,--,tntvprincipal@gmail.com,0261 2422062,"8401376399
(T) 9374715292 ",0261  2422062,13-14/05/2016,NO
202,203.0,"The Vibrant Nursing College, At: Masma, Surat -olpad  Road, Dist : Surat, ",Surat,2017,SFI,60,60,60,30,--,--,--,vibrantnursingsurat@gmail.com, 0261 6544179,"9512039002
(T)9825726019",,20-21/09/2017,NO
203,204.0,"Vanita Vishram School of Nursing, Vanita Vishram Campus, Athwagate, Surat ",Surat,2011,SFI,30,30,--,--,--,--,--,vvnursing2011@yahoo.co.in, 0261 2300227/28,"9825350807
9265411275
(T) 9374715292",0261 2660544,20th & 21st July 2018,NO
204,205.0,"Vidhyadeep School of Nursing, At – Anita (KIM), Ta : Olpad, Dist: Surat",Surat,2016,SFI,40,55,55,30,--,--,--,vidhyadeeptrust@gmail.com," 7567489888
 02661  249034","7773865676
(T)9879524787 ",,5th & 6th July 2018,NO
205,206.0,"ANM School, Community Health Centre, Chotila",Surendranagar,2008,GOV,20,--,--,--,--,--,--,"anm.chotila@gmail.com
anmschoolchotila@gmail.com", 02751 281600,,02751 281600,09-10/05/2014,YES
206,207.0,"ANM School, R.R. General Hospital, Limbdi",Surendranagar,2008,GOV,20,--,--,--,--,--,--,anm.limbdi@gmail.com,02753 263163,8530448990,,05-06/05/2014,YES
207,208.0,"School of Nursing, M.G.S. Hospital, Surendranagar",Surendranagar,"1987,
Re-2005",GOV,--,20,--,--,--,--,--,gnssunr@yahoo.in, 02752 222052,,02752 224052,25th & 26th May 2018,NO
208,209.0,"C.U.Shah Institute  of Nursing, C.U.Shah University, Ahmedabad State  Highwy, Wadhwan City, Surendranagar.",Surendranagar,2016,SFI,30,40,40,--,--,--,--,binu_joe@redifffmail.com deannursing@cushahuniversity.org, 02752-294005,"9685059611
7869523896
(T)9099222277", 02752-247712 ,24th & 25th May 2018,NO
209,210.0,"Maa Sharda School of Nursing, Trimurthi School Campus, 9 M G Road, Lati Bazar, Joravarnagar, Surendranagar",Surendranagar,2016,SFI,20,--,--,--,--,--,--,ravaljc@gmail.com, 02752-224177,"9825524177,
9525524177
(T) 9638884355           ",,10-11/08/2017,NO
210,211.0,"Sandra Shroff Rofell College of Nursing,Post Box No.125, plot no. 14/5,GIDC Area, Vapi-396195",Tapi,2002,SFI,--,--,40,--,15,--,--,ssrcn2003@yahoo.com,"0260-2467294/246754.
2467600","
(M)7623854046 ,
9825155517 , 
9825128448",2467544,2nd & 3rd July 2018,NO
211,212.0,"School of Nursing, CHC & Referal Hospital,Vyara",Tapi,2008,GOV,30,30,--,--,--,--,--,principalgnmvyara123@gmail.com, 02626 220053,,02626 220053,15-16/04/2015,NO
212,213.0,"Government College of Nursing, Government Hospital, Devka Beach Road, Nr. Sun Resort, At: Marwad, Daman",U.T.,2017,GOV,--,--,50,--,--,--,--,govtcollegeofnursingdaman@gmail.com,0260-2255333,9998693183,,24th & 25th May 2018,NO
213,214.0,"Shri Vinobabhave College of Nursing, Shri Vinoba Bhave Civil Hospital, Silvassa",U.T.,2008,GOV,--,--,60,--,20,--,--,principalsvbch.sil@gmail.com,0260-2640180,9655551262,,07-08/07/2017,NO
214,215.0,"ANM School, Divisional Training Center, At: Padra, Dist: Vadodara",Vadodara,2011,GOV,20,--,--,--,--,--,--,"anm.padra@gmail.com
anm_padra@yahoo.com",02662 222598,,,24th May 2018,NO
215,216.0,"Bankers Nursing Institute, B/h Navapura School, Nr.Ranu- Borsad Chokdi, Padra Jambusar Road, At: & Post: Mahuvad, Tal: Padra, Dist: Vadodara - 391440 ",Vadodara,2009,SFI,20,50,--,--,--,--,--,bankersnursing@gmail.com, 02662 244330,"9601257566
(T)9724502066 ",02652 2327401,07-08/07/2017,NO
216,217.0,"Government College of Nursing, Vaccine Campus, Old Padra Road, Vadodara - 390 015",Vadodara,1928,GOV,30,--,50,--,--,20,--,pconbrd@gmail.com, 0265-2414730,"
(M)9265968229,
 9898523436 ",,20th & 21st July 2018,NO
217,218.0,"Indu Nursing School, Vallabh – Seva, Niketan Trust, Sevasi –Koyali Road, Ankolia, Vadodara ",Vadodara,2010,SFI,20,40,--,--,--,--,--,indunsgschool@gmail.com, 0265   2661558,"9428301401
9537332733
(T)9825017334  
", 0265   2233220 ,5th & 6th July 2018,NO
218,219.0,"J K College of Nursing, , Medhad Bus Stand onPadrakajan Road, , Ahead of Anastujain, At:: Padra, , Dist: Vadodara",Vadodara,2017,SFI,--,--,30,--,--,--,--,"pscthospital@gmail.com
","9909204950
9726763874
8530933850",,,6th & 7th June 2018,NO
219,220.0,"Munisevashram School of Nursing, Goraj-391760, Vadodara",Vadodara,2003,SFI,30,50,30,20,--,--,--,munisevanursingschool@yahoo.co.in, 0265 3961300 ,"9558649795
(T) 9428766544
",02668 268048,24th & 25th May 2018,NO
220,221.0,"Nrupur Institute of Nursing & Reserch, All India Institute of Local Self Govt.Nr. Sardar Estate, Ajwa Waghodia ring road, Vadodara",Vadodara,2003,SFI,30,40,--,30,--,--,--,nrupurnursing@yahoo.com, 0265-2513241,"7383770795
(T)9426302311
",0265- 2568293 ,21-22/04/2015,NO
221,222.0,"Parul Institute of Nursing, Post: Limda, Tal: Waghodia, Dist: Vadodara",Vadodara,2013,SFI,20,70,70,--,20,--,--,pin@paruluniversity.ac.in, 02668 260322,"9727309434
7359621450
(T)9978444697  ",02668 260322,6th & 7th July 2018,NO
222,223.0,"Pioneer Nursing College, Pioneer Medical Campus, Nr. Ajwa Chowkdi, N.H-8 Ajwa-nimeta road, Post: Sayajipura, Vadodara",Vadodara,2012,SFI,--,50,60,--,20,--,10,pnc_ogect@hotmail.com,02650 2577143,"9925886120
(T)9824011693", 0265-2986000,02-03/06/2017,NO
223,224.0,"Royal International School of Nursing, Royal Knowledge City, Nr. Ajwa Garden,Village: Raval, Tal: Waghodia,Dist: Vadodara ",Vadodara,2012,SFI,20,40,--,--,--,--,--,risn.nursing@gmail.com, 02668-290541," 9574005010
9574005001
(T)9904409050  ",,19-20/05/2014,YES
224,225.0,"Sigma Institute of Nursing, At: Bakrol, Ajwa Nimeta Road, Tal: Waghodia, Dist: Vadodara – 390019",Vadodara,2007,SFI,--,40,40,--,--,--,--,principalnursing@sigma.ac.in                 shanta.ns@sigma.ac.in , 02668 2670000  ," 9909910722
(T)9909976800
",,13th &14th June 2018,NO
225,226.0,"Sumandeep College of Nursing, K. M. Shah Charitable Trust Campus, At: Piparia, Tal :Waghodia,Dist:Vadodara",Vadodara,2006,SFI,30,60,100,40,40,--,10,principal.nursing@sumandeepuniversity.co.in,,7567253559,,11th & 12th June 2018,NO
226,227.0,"Tirupati School of Nursing, Shardamandir High School, VInoba Bhave Road, Salatwada, Vadodara – 390 003",Vadodara,2013,SFI,30,--,--,--,--,--,--,"tirupatinursingschool55@gmail.com, dharmesh_tirupati@rediffmail.com","0265-2430023
7202015533 ","9909142678
972770677
 (T) 9825555158             ",,12-13/05/2014,YES
227,228.0,"ANM School, At: Nanapondha, Dist: Valsad",Valsad,2017,GOV,20,--,--,--,--,--,--,anmnanapondha@gmail.com, 02633-250755,,,29th May 2018,NO
228,229.0,"School of Nursing, State Hospital, Garden Road, Dharampur",Valsad,2015,GOV,--,30,--,--,--,--,--,"gnmschool.dharampur@gmail.com
statehosp.dharampur@gmail.com","02633 243044
02633 243044",,,10-11/04/2017,NO
229,230.0,"Saraswati ANM School, Navi Nagari, Kotiav(Umarsadi), Tal: Pardi, Dist: Valsad",Valsad,2010,SFI,30,--,40,--,--,--,--,saraswatianm86@gmail.com,8238705429,"(T)9898847080,    ",,4th & 5th July 2018,NO
230,231.0,"Shree Nootan Kelvani Madal Nursing School, Dr. Moghabhai Vidhya Sankul, Shri Morarji Nagar, Tithal Road, Valsad – 396 001",Valsad,2011,SFI,--,50,40,--,--,--,--,nkmnursing@gmail.com, 02632-258412,"9824521605
(T)9825122843
",,11th & 12th June 2018,NO
231,,,,,,4025,7300,5785,700,453,,,,,,,,
